{
  "title": "SMS Campaigns",
  "data": [

  {
    "Status": "Created",
    "Title": "Test",
    "Campaign Type": "Marketing",
    "Approved": "",
    "Scheduled": "",
    "Campaign Duration": "-",
    "Send SMS": false,
    "Sent": "",
    "Messages": "0",
    "Generated": "0",
    "Dispatched": "0",
    "Delivered": "",
    "Cost": "INR 0,00",
    "FIELD14": "",
    "FIELD15": ""
  },
  {
    "Status": "Generating List",
    "Title": "First Live Campaign for Loan Eligible",
    "Campaign Type": "Marketing",
    "Approved": "02/12/19 23:27",
    "Scheduled": "",
    "Campaign Duration": "2019-12-02 01:00:00 UTC - 2019-12-02 23:16:00 UTC",
    "Send SMS": true,
    "Sent": "",
    "Messages": "3  835",
    "Generated": "0",
    "Dispatched": "0",
    "Delivered": "0%",
    "Cost": "INR 0,00",
    "FIELD14": "",
    "FIELD15": ""
  },
  {
    "Status": "Generating List",
    "Title": "Test campaign122",
    "Campaign Type": "Marketing",
    "Approved": "02/12/19 23:22",
    "Scheduled": "",
    "Campaign Duration": "2019-12-02 00:00:00 UTC - 2019-12-02 00:00:00 UTC",
    "Send SMS": true,
    "Sent": "",
    "Messages": "0",
    "Generated": "0",
    "Dispatched": "0",
    "Delivered": "",
    "Cost": "INR 0,00",
    "FIELD14": "",
    "FIELD15": ""
  },
  {
    "Status": "Created",
    "Title": "dummy1",
    "Campaign Type": "Marketing",
    "Approved": "",
    "Scheduled": "",
    "Campaign Duration": "-",
    "Send SMS": false,
    "Sent": "",
    "Messages": "0",
    "Generated": "0",
    "Dispatched": "0",
    "Delivered": "",
    "Cost": "INR 0,00",
    "FIELD14": "",
    "FIELD15": ""
  },
  {
    "Status": "Created",
    "Title": "Dummy Campaign",
    "Campaign Type": "Marketing",
    "Approved": "",
    "Scheduled": "",
    "Campaign Duration": "-",
    "Send SMS": false,
    "Sent": "",
    "Messages": "0",
    "Generated": "0",
    "Dispatched": "0",
    "Delivered": "",
    "Cost": "INR 0,00",
    "FIELD14": "",
    "FIELD15": ""
  },
  {
    "Status": "Created",
    "Title": "Test",
    "Campaign Type": "Marketing",
    "Approved": "",
    "Scheduled": "",
    "Campaign Duration": "-",
    "Send SMS": false,
    "Sent": "",
    "Messages": "0",
    "Generated": "0",
    "Dispatched": "0",
    "Delivered": "",
    "Cost": "INR 0,00",
    "FIELD14": "",
    "FIELD15": ""
  },
  {
    "Status": "Created",
    "Title": "Tst",
    "Campaign Type": "Marketing",
    "Approved": "",
    "Scheduled": "",
    "Campaign Duration": "-",
    "Send SMS": false,
    "Sent": "",
    "Messages": "0",
    "Generated": "0",
    "Dispatched": "0",
    "Delivered": "",
    "Cost": "INR 0,00",
    "FIELD14": "",
    "FIELD15": ""
  },
  {
    "Status": "Created",
    "Title": "Telefonica New",
    "Campaign Type": "Marketing",
    "Approved": "",
    "Scheduled": "",
    "Campaign Duration": "-",
    "Send SMS": false,
    "Sent": "",
    "Messages": "0",
    "Generated": "0",
    "Dispatched": "0",
    "Delivered": "",
    "Cost": "INR 0,00",
    "FIELD14": "",
    "FIELD15": ""
  },
  {
    "Status": "Ready To Send",
    "Title": "Telefonica",
    "Campaign Type": "Marketing",
    "Approved": "07/11/19 19:06",
    "Scheduled": "",
    "Campaign Duration": "-",
    "Send SMS": false,
    "Sent": "",
    "Messages": "0",
    "Generated": "0",
    "Dispatched": "0",
    "Delivered": "",
    "Cost": "INR 0,00",
    "FIELD14": "",
    "FIELD15": ""
  },
  {
    "Status": "Scheduled",
    "Title": "TEst2",
    "Campaign Type": "General Reminder",
    "Approved": "",
    "Scheduled": "16/09/19 05:30",
    "Campaign Duration": "2019-09-16 15:00:00 UTC - 2019-09-16 17:00:00 UTC",
    "Send SMS": true,
    "Sent": "",
    "Messages": "0",
    "Generated": "0",
    "Dispatched": "0",
    "Delivered": "",
    "Cost": "INR 0,00",
    "FIELD14": "",
    "FIELD15": ""
  },
  {
    "Status": "Ready To Send",
    "Title": "Anu Test",
    "Campaign Type": "Marketing",
    "Approved": "27/09/19 12:14",
    "Scheduled": "",
    "Campaign Duration": "-",
    "Send SMS": false,
    "Sent": "",
    "Messages": "0",
    "Generated": "0",
    "Dispatched": "0",
    "Delivered": "",
    "Cost": "INR 0,00",
    "FIELD14": "",
    "FIELD15": ""
  },
  {
    "Status": "Scheduled",
    "Title": "CampaignFirst",
    "Campaign Type": "General Reminder",
    "Approved": "16/09/19 14:55",
    "Scheduled": "16/09/19 05:30",
    "Campaign Duration": "2019-09-16 15:00:00 UTC - 2019-09-16 17:00:00 UTC",
    "Send SMS": true,
    "Sent": "",
    "Messages": "4",
    "Generated": "2",
    "Dispatched": "0",
    "Delivered": "0%",
    "Cost": "INR 0,00",
    "FIELD14": "",
    "FIELD15": ""
  },
  {
    "Status": "Scheduled",
    "Title": "CampaignsDemo",
    "Campaign Type": "General Reminder",
    "Approved": "14/09/19 05:30",
    "Scheduled": "14/09/19 05:30",
    "Campaign Duration": "2019-09-13 08:00:00 UTC - 2019-09-13 17:00:00 UTC",
    "Send SMS": true,
    "Sent": "",
    "Messages": "2",
    "Generated": "2",
    "Dispatched": "0",
    "Delivered": "0%",
    "Cost": "INR 0,00",
    "FIELD14": "",
    "FIELD15": ""
  },
  {
    "Status": "Scheduled",
    "Title": "DemoPresentCampaigns",
    "Campaign Type": "General Reminder",
    "Approved": "13/09/19 17:49",
    "Scheduled": "13/09/19 05:30",
    "Campaign Duration": "2019-09-13 08:00:00 UTC - 2019-09-13 18:00:00 UTC",
    "Send SMS": true,
    "Sent": "13/09/19 17:49",
    "Messages": "0",
    "Generated": "0",
    "Dispatched": "0",
    "Delivered": "",
    "Cost": "INR 0,00",
    "FIELD14": "",
    "FIELD15": ""
  },
  {
    "Status": "Scheduled",
    "Title": "Demo Campaign",
    "Campaign Type": "General Reminder",
    "Approved": "13/09/19 15:45",
    "Scheduled": "13/09/19 05:30",
    "Campaign Duration": "2019-09-13 08:00:00 UTC - 2019-09-13 17:00:00 UTC",
    "Send SMS": false,
    "Sent": "13/09/19 15:57",
    "Messages": "26  636",
    "Generated": "26  636",
    "Dispatched": "12  564",
    "Delivered": "0%",
    "Cost": "INR 0,00",
    "FIELD14": "",
    "FIELD15": ""
  },
  {
    "Status": "Scheduled",
    "Title": "ABMtest",
    "Campaign Type": "General Reminder",
    "Approved": "",
    "Scheduled": "",
    "Campaign Duration": "2019-09-12 13:00:00 UTC - 2019-09-12 17:00:00 UTC",
    "Send SMS": true,
    "Sent": "",
    "Messages": "0",
    "Generated": "0",
    "Dispatched": "0",
    "Delivered": "",
    "Cost": "INR 0,00",
    "FIELD14": "",
    "FIELD15": ""
  },
  {
    "Status": "Scheduled",
    "Title": "CloneAgain",
    "Campaign Type": "Marketing",
    "Approved": "",
    "Scheduled": "09/09/19 05:30",
    "Campaign Duration": "2019-09-09 08:12:00 UTC - 2019-09-09 18:28:00 UTC",
    "Send SMS": true,
    "Sent": "",
    "Messages": "0",
    "Generated": "0",
    "Dispatched": "0",
    "Delivered": "",
    "Cost": "INR 0,00",
    "FIELD14": "",
    "FIELD15": ""
  },
  {
    "Status": "Scheduled",
    "Title": "Second Clone",
    "Campaign Type": "Marketing",
    "Approved": "09/09/19 17:40",
    "Scheduled": "09/09/19 05:30",
    "Campaign Duration": "2019-09-09 08:12:00 UTC - 2019-09-09 18:28:00 UTC",
    "Send SMS": true,
    "Sent": "09/09/19 17:40",
    "Messages": "1",
    "Generated": "1",
    "Dispatched": "1",
    "Delivered": "0%",
    "Cost": "INR 0,00",
    "FIELD14": "",
    "FIELD15": ""
  },
  {
    "Status": "Scheduled",
    "Title": "Third Test",
    "Campaign Type": "Marketing",
    "Approved": "09/09/19 17:15",
    "Scheduled": "09/09/19 05:30",
    "Campaign Duration": "2019-09-09 17:12:00 UTC - 2019-09-09 18:28:00 UTC",
    "Send SMS": true,
    "Sent": "09/09/19 17:29",
    "Messages": "1",
    "Generated": "1",
    "Dispatched": "0",
    "Delivered": "0%",
    "Cost": "INR 0,00",
    "FIELD14": "",
    "FIELD15": ""
  },
  {
    "Status": "Scheduled",
    "Title": "Schedule Demo",
    "Campaign Type": "Marketing",
    "Approved": "09/09/19 16:20",
    "Scheduled": "09/09/19 05:30",
    "Campaign Duration": "2019-09-09 14:28:00 UTC - 2019-09-09 18:28:00 UTC",
    "Send SMS": true,
    "Sent": "",
    "Messages": "1",
    "Generated": "1",
    "Dispatched": "0",
    "Delivered": "0%",
    "Cost": "INR 0,00",
    "FIELD14": "",
    "FIELD15": ""
  },
  {
    "Status": "Scheduled",
    "Title": "Test Campaign",
    "Campaign Type": "Marketing",
    "Approved": "09/09/19 16:15",
    "Scheduled": "09/09/19 05:30",
    "Campaign Duration": "2019-09-09 14:28:00 UTC - 2019-09-09 18:28:00 UTC",
    "Send SMS": true,
    "Sent": "",
    "Messages": "34",
    "Generated": "34",
    "Dispatched": "0",
    "Delivered": "0%",
    "Cost": "INR 0,00",
    "FIELD14": "",
    "FIELD15": ""
  },
  {
    "Status": "Sent",
    "Title": "Third Test",
    "Campaign Type": "Marketing",
    "Approved": "19/07/19 17:34",
    "Scheduled": "",
    "Campaign Duration": "-",
    "Send SMS": false,
    "Sent": "19/07/19 17:34",
    "Messages": "20",
    "Generated": "20",
    "Dispatched": "20",
    "Delivered": "0%",
    "Cost": "INR 0,00",
    "FIELD14": "",
    "FIELD15": ""
  },
  {
    "Status": "Dispatching",
    "Title": "Second Clone",
    "Campaign Type": "Marketing",
    "Approved": "19/07/19 17:21",
    "Scheduled": "",
    "Campaign Duration": "-",
    "Send SMS": false,
    "Sent": "19/07/19 17:21",
    "Messages": "20",
    "Generated": "20",
    "Dispatched": "0",
    "Delivered": "0%",
    "Cost": "INR 0,00",
    "FIELD14": "",
    "FIELD15": "Stop"
  },
  {
    "Status": "Dispatching",
    "Title": "Test Campaign",
    "Campaign Type": "Marketing",
    "Approved": "19/07/19 16:13",
    "Scheduled": "",
    "Campaign Duration": "-",
    "Send SMS": false,
    "Sent": "19/07/19 16:36",
    "Messages": "26  620",
    "Generated": "26  620",
    "Dispatched": "5  406",
    "Delivered": "0%",
    "Cost": "INR 0,00",
    "FIELD14": "",
    "FIELD15": "Stop"
  }
 ]
}
